{"": 2.76641, "sequencer.hg_11_doppler_p": -0.040001, "doppler_wp.doppler_ASK": 2.68, "sequencer.T_Rabi": null, "sequencer.IntClock_top": 0.27062, "sequencer.*T sf": null, "blue_pmt.recorder": "20240730/sideband_scan_minus#10/150.blue_pmt", " ": null, "sequencer.Int813_bsb2": -0.521, "sequencer.BPol": 0.2759, "seequencer.IntClock_top": null, "sequencer.fm_9_7_grad": 0.255268, "sequencer.sequencer.Z_zero_top": null, "sequencer.Int813_nz": -0.5, "sequencer.T_sf\\": null, "sequencer.t_HOLD": null, "clock_servo.control_signals.+9/2": -235612169.81120342, "sequencer.hg_11_doppler)p": null, "sequencer.IntClock_top_mF": 0.32, "clock_servo.dithers.+9/2": 1.0526315789473684, "sequemcer.Int813": null, "sequencer.DPlus": -2.0, "sequencer.813f": -0.2, "sequencer.813i": -0.9, "sequencer.T_mF_9_7_": null, "T_sf_ramp": 0.02, "clock_mF.hr_demod_top_dds": 73504000.0, "sequencer.IntClock_top_mf": null, "p": null, "sequencer.hg_9_doppler": -0.2001, "sequencer.11_sf_end": 0.1702, "absolute_frequency": 429228239853570.25, "sequencer.fm_11_dopp;er": null, "sequencer.hg_11": -0.701, "sequencer.fm_bsb": 0.0, "sequencer.fm_11": null, "sequencer.Z_3d1_top": 2.84941, "clock_servo.dithers.-9/2b": 1.0526315789473684, "sequencer.hg_11_doppler_end": -0.011, "sequencer.DC_stark_B": 0.0, "sequencer.IMOD": null, "sequencer.B_blue_low": -0.131, "sequencer.Z zero btm": null, "sequencer.X_pol": 0.1, "sequencer.MOT_rabi": -0.0, "sequencer.T_TOF": 6.5190299868228685, "sequencer.hg_9": -0.3, "sequencer.Z_zero_Top": null, "sequencer.Int831": null, "sequencer.X_bias": -1.25, "sequencer.T_probew": null, "andor.records": "{\"20231201/ws_lock#0_1020\": {\"frac\": 0.0015975182739372323, \"tot\": 107667.0}, \"20231201/ws_lock#0_1021\": {\"frac\": 0.0031971225896692975, \"tot\": 110099.0}, \"20231201/ws_lock#0_1022\": {\"frac\": 0.0037449287423280972, \"tot\": 105743.0}, \"20231201/ws_lock#0_1023\": {\"frac\": 163803614737908.38, \"tot\": 112615.0}, \"20231201/ws_lock#0_1019\": {\"frac\": 0.0007286814555181478, \"tot\": 108415.0}, \"20231201/ws_lock#0_1025\": {\"frac\": 0.0033105207742771523, \"tot\": 98776.0}, \"20231201/ws_lock#0_1026\": {\"frac\": 0.003710830126443101, \"tot\": 109140.0}, \"20231201/ws_lock#0_1027\": {\"frac\": 0.0010761902863861928, \"tot\": 100354.0}, \"20231201/ws_lock#0_1028\": {\"frac\": 0.0012422719130987462, \"tot\": 103842.0}, \"20231201/ws_lock#0_1029\": {\"frac\": 0.0018416920303200668, \"tot\": 103166.0}, \"20231201/ws_lock#0_1034\": {\"frac\": 0.0012379117452694086, \"tot\": 107439.0}, \"20231201/ws_lock#0_1035\": {\"frac\": 0.003175464512174289, \"tot\": 99513.0}, \"20231201/ws_lock#0_1031\": {\"frac\": 0.002354663817325577, \"tot\": 101076.0}, \"20231201/ws_lock#0_1032\": {\"frac\": 0.0030483322388088962, \"tot\": 102023.0}, \"20231201/ws_lock#0_1030\": {\"frac\": 2.018326403746014e-05, \"tot\": 99092.0}, \"20231201/ws_lock#0_1033\": {\"frac\": 0.0038343483078854207, \"tot\": 101973.0}, \"20231201/ws_lock#0_1024\": {\"frac\": 0.0067533952218141015, \"tot\": 94471.0}}", "sequencer.IMod": 0.0, "sequencer.Int813_bsb1": -0.518, "sequencer.Int813_clock3": null, "drift_settings": "drift_dummy_freq", "sequencer.*T_doppler": null, "seqeuencer.Int813_bsb1": null, "f_mF": null, "sequencer.tRamp689": 0.15, "sequencer.VoltDCStark_minus": 0.0, "sequencer.T BB": null, "sequenecer.T_doppler": null, "Sequencer.T_bb": null, "aequencer.hr_demod_frequency": null, "sqeuncer.T_BB": null, "sequencer.X sf": null, "sequencer.Intclock_top_mF_poor": 0.017001, "sequencer.ZInt": -3.7, "sequencer.phase_0": null, "_": null, "sequencer.11_fm_end": null, "sequencer.T_9_7": null, "sequencer.T_sf_ramp": 0.06, "doppler_wp.MOT": 3.7, "sequencer.hg_9_high": -8.0, "sequencer.Y_mot": -3.035, "andor.record_path": "20240730/sideband_scan_minus#10/150.andor.json", "sequencer.sequencer.Z_zero_btm": null, "sequencer.Trabi": 0.6, "seqeuncer.T_toppler": null, "Sequencer.T_BB": null, "sequencer.tHold": 4.0, "sequencer.x_mot": null, "sequncer.T_bb": null, "sequencer.T_mF_9_7": 0.014, "f": null, "*AH1": -1.97, "sequencer.B_Blue": null, "sequencer.hg_11_high": -8.0, "sequencer.t_blue": 0.1, "sequencer.T_ramp": 0.18, "sequencer.X_probe": null, "sequencer.fm_9_711_doppler_p": null, "sequemcer.int813": null, "sequencer.Z_grad_btm": 0.436601, "sequencer.X_V_zero": 0.1, "sequencer.fm_11_doppler_p_end": -2.79751, "seqeuncer.T_hold": 0.005, "adnor.tot": 260506.0, "sequencer.Int813_High": null, "sequencer.Z_mot": -1.4801, "sequencer.High_9_int": -5.401, "T_pi": null, "sequencer.e_pre_7_5": 0.0550001, "probe_mF_detuning": null, "1": null, "clock_servo.dithers.+9/2follow": -0.0, "sequencer.Z_zero": -1.19101, "clock_mF.hr_frequency_psk": 0.0, "sequencer.T_quick7": 0.012801, "sequencer.tPstar": 0.015, "sequencer.Int_813": null, "sequencer.813Int": null, "sequencer.fm_11_p": null, "doppler_wp_m": null, "sequencer.fm_5_3_p_3": null, "sqeuncer.T_bb": null, "sequencer.T_mF_5_53": null, "clock_mF.hr_frequency_9_7": 210.0, "sequencer.Y_sf": -2.8201, "sequencer.T_pi_nz": 0.4, "sequencer.Low_9_int": -5.5, "counter": 99, "sequencer.T_delay": 0.016666, "sequencer.T_mF_7_5": 0.01, "q": null, "sequencer.X_mot": 0.1, "sequencer.T_mF_5_7": null, "sequencer.T_mF_5_3": 0.01002, "hr_demod": null, "sequencer.9_doppler": -0.37, "si_demod": 175413600.0, "clock_servo.control_signals.-9/2c": -235623499.4058076, "clock_servo.control_signals.-9/2b": -235612150.33919126, "clock_servo.control_signals.-9/2a": -235612150.37033367, "clock_servo.control_signals.-9/2f": -229953772.1, "clock_servo.control_signals.-9/2d": -235623499.38187954, "clock_aom.hr_demod_frequency": null, "+9/2a.frequency": 135533551.160344, "sequencerr.T_mF_9_7": null, "sequencer.Z_zero btm": null, "sequencer.*fm_11_doppler_p": null, "timestamp": 1722359319.163094, "sequencer.fm_sequencer.fm_9_711_doppler_p": null, "*T_mF_9_7": null, "sequencer.fm_9_dopple": null, "sequencer.fm_9_7_p": -0.243201, "sequencer.T_\\blue": null, "sequencer.Int813_hgih": null, "sequencer.IntClock\\": null, "probe_detuning_bsb": 28600.03, "T_bsb": null, "l": null, "sequencer.IntClock_top_mF_grad": 0.03, "sqeuencer.X_zero": null, "seqeuncer.T_doppler": null, "sequencer.fm_11_doppler": 2.984, "sequencer.Int813_nz0": -2.12, "linescan_detuning": 0.0, "clock_mF.hr_frequency_top_dds": 101206550.63999999, "sequencer.Int813_axial": -0.1, "sequencer.Int_clock": null, "sequencer.sequencer.Int_top_clock": null, "sequencer.hg_11_doppler_p_end": -0.011, "sequencer.T_lat_ramp": 0.0301, "andor.record_path.value": null, "sequencer.tEcho": 0.038, "sequencer.Z_mot_start": -0.8, "clock_mF.hr_demod_9_7": 73504000.0, "sequencer.Dop_11_int": -0.001, "sequencer.Int_top_clock": 0.02, "sequencer.High_11_int": -2.801, "probe_detuning_mF": -235612150.64, "sequencer.T_mF": 0.02, "clock_mF.hr_demod_5_3": 73504000.0, "sequencer.Int813_mF": -0.52, "sequencer.Z_zero_btmop": null, "sequencer8.399064": null, "top_clock_pm": 0, "sequencer.hg_9_doppler_p": null, "sequencer.cycle_time": 0.5700000000000001, "probe_detuning_mf": null, "sequencer.T_mf": null, "clock_nF.hr_frequency_psk": null, "sequencer.Mot_wp": null, "sequencer.sequence": ["blue_mot", "red_mot", "polarizing_m", "mF_clock_minus_9_7", "mF_clock_minus_7_5", "clock_bias_set_U", "readout_pmt"], "clock_servo.dither_point": null, "sequencer.fm_11_doppler_p_start": -2.79751, "sequencer.fm_9_7_m": null, "clock_mF.hr_demod_frequency_mF": 73504000.0, "sequencer.T_sr3": null, "sequencer.T_pi_7_5_mF": 0.01901, "f_7_5": -598, "sequencer.T_3d1": 0.008, "sequencer.11_sf_start ": -0.39, "sequencer.*Z_zero_top": null, "clock_servo.control_signals.-9/2follow": -229953164.26017025, "sequencer.fm_9_5": null, "f_5_3": 210.0, "sequencer.fm_9_7": 0.319068, "sequencer.Z zerotop": null, "f_5": 23.0, "sequencer.fm_9": null, "sequencer.Z_sf_top": 2.45551, "sequencer.iMod": null, "sequencer.tLoad": 0.05, "sequencer. T_doppler": null, "sequeencer.X_sf": null, "sequencer.T sf": null, "sequencer.tPol": 0.0006, "f_9_7": 210.0, "sequencer.T_TOF_low": 0.0001, "sequencer.Int813_dark": 0.0,